,keyword,threshold,threshold_relax,algo,modularity,performance,coverage,nodes
0,gasoline,0.5,0.75,greedy,0.0,1.0,1.0,2
1,gasoline,0.5,0.75,louvain,0.0,1.0,1.0,2
2,gasoline,0.5,1.0,greedy,0.0,1.0,1.0,2
3,gasoline,0.5,1.0,louvain,0.0,1.0,1.0,2
4,gasoline,0.5,1.25,greedy,0.0,1.0,1.0,2
5,gasoline,0.5,1.25,louvain,0.0,1.0,1.0,2
6,gasoline,0.5,1.5,greedy,0.0,1.0,1.0,2
7,gasoline,0.5,1.5,louvain,0.0,1.0,1.0,2
8,gasoline,0.5,1.75,greedy,0.0,1.0,1.0,2
9,gasoline,0.5,1.75,louvain,0.0,1.0,1.0,2
10,gasoline,0.5,2.0,greedy,0.0,1.0,1.0,2
11,gasoline,0.5,2.0,louvain,0.0,1.0,1.0,2
12,gasoline,0.5,2.25,greedy,0.0,1.0,1.0,2
13,gasoline,0.5,2.25,louvain,0.0,1.0,1.0,2
14,gasoline,0.5,2.5,greedy,0.0,1.0,1.0,2
15,gasoline,0.5,2.5,louvain,0.0,1.0,1.0,2
16,gasoline,0.5,2.75,greedy,0.0,1.0,1.0,2
17,gasoline,0.5,2.75,louvain,0.0,1.0,1.0,2
18,gasoline,0.5,3.0,greedy,0.0,1.0,1.0,2
19,gasoline,0.5,3.0,louvain,0.0,1.0,1.0,2
20,gasoline,0.5,3.25,greedy,0.0,1.0,1.0,2
21,gasoline,0.5,3.25,louvain,0.0,1.0,1.0,2
22,gasoline,0.5,3.5,greedy,0.0,1.0,1.0,2
23,gasoline,0.5,3.5,louvain,0.0,1.0,1.0,2
24,gasoline,0.5,3.75,greedy,0.0,1.0,1.0,2
25,gasoline,0.5,3.75,louvain,0.0,1.0,1.0,2
26,gasoline,0.5,4.0,greedy,0.0,1.0,1.0,2
27,gasoline,0.5,4.0,louvain,0.0,1.0,1.0,2
28,gasoline,0.5,4.25,greedy,0.0,1.0,1.0,2
29,gasoline,0.5,4.25,louvain,0.0,1.0,1.0,2
30,gasoline,0.5,4.5,greedy,0.0,1.0,1.0,2
31,gasoline,0.5,4.5,louvain,0.0,1.0,1.0,2
32,gasoline,0.5,4.75,greedy,0.0,1.0,1.0,2
33,gasoline,0.5,4.75,louvain,0.0,1.0,1.0,2
34,gasoline,0.5,5.0,greedy,0.0,1.0,1.0,2
35,gasoline,0.5,5.0,louvain,0.0,1.0,1.0,2
36,gasoline,0.5,5.25,greedy,0.0,1.0,1.0,2
37,gasoline,0.5,5.25,louvain,0.0,1.0,1.0,2
38,gasoline,0.5,5.5,greedy,0.0,1.0,1.0,2
39,gasoline,0.5,5.5,louvain,0.0,1.0,1.0,2
40,gasoline,0.5,5.75,greedy,0.0,1.0,1.0,2
41,gasoline,0.5,5.75,louvain,0.0,1.0,1.0,2
42,gasoline,0.5,6.0,greedy,0.0,1.0,1.0,2
43,gasoline,0.5,6.0,louvain,0.0,1.0,1.0,2
44,gasoline,0.5,6.25,greedy,0.0,1.0,1.0,2
45,gasoline,0.5,6.25,louvain,0.0,1.0,1.0,2
46,gasoline,0.5,6.5,greedy,0.0,1.0,1.0,2
47,gasoline,0.5,6.5,louvain,0.0,1.0,1.0,2
48,gasoline,0.5,6.75,greedy,0.0,1.0,1.0,2
49,gasoline,0.5,6.75,louvain,0.0,1.0,1.0,2
50,gasoline,0.75,1.0,greedy,0.5,1.0,1.0,4
51,gasoline,0.75,1.0,louvain,0.5,1.0,1.0,4
52,gasoline,0.75,1.25,greedy,0.5,1.0,1.0,4
53,gasoline,0.75,1.25,louvain,0.5,1.0,1.0,4
54,gasoline,0.75,1.5,greedy,0.5,1.0,1.0,4
55,gasoline,0.75,1.5,louvain,0.5,1.0,1.0,4
56,gasoline,0.75,1.75,greedy,0.5,1.0,1.0,4
57,gasoline,0.75,1.75,louvain,0.5,1.0,1.0,4
58,gasoline,0.75,2.0,greedy,0.5,1.0,1.0,4
59,gasoline,0.75,2.0,louvain,0.5,1.0,1.0,4
60,gasoline,0.75,2.25,greedy,0.5,1.0,1.0,4
61,gasoline,0.75,2.25,louvain,0.5,1.0,1.0,4
62,gasoline,0.75,2.5,greedy,0.5,1.0,1.0,4
63,gasoline,0.75,2.5,louvain,0.5,1.0,1.0,4
64,gasoline,0.75,2.75,greedy,0.5,1.0,1.0,4
65,gasoline,0.75,2.75,louvain,0.5,1.0,1.0,4
66,gasoline,0.75,3.0,greedy,0.5,1.0,1.0,4
67,gasoline,0.75,3.0,louvain,0.5,1.0,1.0,4
68,gasoline,0.75,3.25,greedy,0.5,1.0,1.0,4
69,gasoline,0.75,3.25,louvain,0.5,1.0,1.0,4
70,gasoline,0.75,3.5,greedy,0.5,1.0,1.0,4
71,gasoline,0.75,3.5,louvain,0.5,1.0,1.0,4
72,gasoline,0.75,3.75,greedy,0.5,1.0,1.0,4
73,gasoline,0.75,3.75,louvain,0.5,1.0,1.0,4
74,gasoline,0.75,4.0,greedy,0.5,1.0,1.0,4
75,gasoline,0.75,4.0,louvain,0.5,1.0,1.0,4
76,gasoline,0.75,4.25,greedy,0.5,1.0,1.0,4
77,gasoline,0.75,4.25,louvain,0.5,1.0,1.0,4
78,gasoline,0.75,4.5,greedy,0.5,1.0,1.0,4
79,gasoline,0.75,4.5,louvain,0.5,1.0,1.0,4
80,gasoline,0.75,4.75,greedy,0.5,1.0,1.0,4
81,gasoline,0.75,4.75,louvain,0.5,1.0,1.0,4
82,gasoline,0.75,5.0,greedy,0.5,1.0,1.0,4
83,gasoline,0.75,5.0,louvain,0.5,1.0,1.0,4
84,gasoline,0.75,5.25,greedy,0.5,1.0,1.0,4
85,gasoline,0.75,5.25,louvain,0.5,1.0,1.0,4
86,gasoline,0.75,5.5,greedy,0.5,1.0,1.0,4
87,gasoline,0.75,5.5,louvain,0.5,1.0,1.0,4
88,gasoline,0.75,5.75,greedy,0.5,1.0,1.0,4
89,gasoline,0.75,5.75,louvain,0.5,1.0,1.0,4
90,gasoline,0.75,6.0,greedy,0.5,1.0,1.0,4
91,gasoline,0.75,6.0,louvain,0.5,1.0,1.0,4
92,gasoline,0.75,6.25,greedy,0.5,1.0,1.0,4
93,gasoline,0.75,6.25,louvain,0.5,1.0,1.0,4
94,gasoline,0.75,6.5,greedy,0.5,1.0,1.0,4
95,gasoline,0.75,6.5,louvain,0.5,1.0,1.0,4
96,gasoline,0.75,6.75,greedy,0.5,1.0,1.0,4
97,gasoline,0.75,6.75,louvain,0.5,1.0,1.0,4
98,gasoline,1.0,1.25,greedy,0.5,1.0,1.0,4
99,gasoline,1.0,1.25,louvain,0.5,1.0,1.0,4
100,gasoline,1.0,1.5,greedy,0.5,1.0,1.0,4
101,gasoline,1.0,1.5,louvain,0.5,1.0,1.0,4
102,gasoline,1.0,1.75,greedy,0.5,1.0,1.0,4
103,gasoline,1.0,1.75,louvain,0.5,1.0,1.0,4
104,gasoline,1.0,2.0,greedy,0.5,1.0,1.0,4
105,gasoline,1.0,2.0,louvain,0.5,1.0,1.0,4
106,gasoline,1.0,2.25,greedy,0.5,1.0,1.0,4
107,gasoline,1.0,2.25,louvain,0.5,1.0,1.0,4
108,gasoline,1.0,2.5,greedy,0.5,1.0,1.0,4
109,gasoline,1.0,2.5,louvain,0.5,1.0,1.0,4
110,gasoline,1.0,2.75,greedy,0.5,1.0,1.0,4
111,gasoline,1.0,2.75,louvain,0.5,1.0,1.0,4
112,gasoline,1.0,3.0,greedy,0.5,1.0,1.0,4
113,gasoline,1.0,3.0,louvain,0.5,1.0,1.0,4
114,gasoline,1.0,3.25,greedy,0.5,1.0,1.0,4
115,gasoline,1.0,3.25,louvain,0.5,1.0,1.0,4
116,gasoline,1.0,3.5,greedy,0.5,1.0,1.0,4
117,gasoline,1.0,3.5,louvain,0.5,1.0,1.0,4
118,gasoline,1.0,3.75,greedy,0.5,1.0,1.0,4
119,gasoline,1.0,3.75,louvain,0.5,1.0,1.0,4
120,gasoline,1.0,4.0,greedy,0.5,1.0,1.0,4
121,gasoline,1.0,4.0,louvain,0.5,1.0,1.0,4
122,gasoline,1.0,4.25,greedy,0.5,1.0,1.0,4
123,gasoline,1.0,4.25,louvain,0.5,1.0,1.0,4
124,gasoline,1.0,4.5,greedy,0.5,1.0,1.0,4
125,gasoline,1.0,4.5,louvain,0.5,1.0,1.0,4
126,gasoline,1.0,4.75,greedy,0.5,1.0,1.0,4
127,gasoline,1.0,4.75,louvain,0.5,1.0,1.0,4
128,gasoline,1.0,5.0,greedy,0.5,1.0,1.0,4
129,gasoline,1.0,5.0,louvain,0.5,1.0,1.0,4
130,gasoline,1.0,5.25,greedy,0.5,1.0,1.0,4
131,gasoline,1.0,5.25,louvain,0.5,1.0,1.0,4
132,gasoline,1.0,5.5,greedy,0.5,1.0,1.0,4
133,gasoline,1.0,5.5,louvain,0.5,1.0,1.0,4
134,gasoline,1.0,5.75,greedy,0.5,1.0,1.0,4
135,gasoline,1.0,5.75,louvain,0.5,1.0,1.0,4
136,gasoline,1.0,6.0,greedy,0.5,1.0,1.0,4
137,gasoline,1.0,6.0,louvain,0.5,1.0,1.0,4
138,gasoline,1.0,6.25,greedy,0.5,1.0,1.0,4
139,gasoline,1.0,6.25,louvain,0.5,1.0,1.0,4
140,gasoline,1.0,6.5,greedy,0.5,1.0,1.0,4
141,gasoline,1.0,6.5,louvain,0.5,1.0,1.0,4
142,gasoline,1.0,6.75,greedy,0.5,1.0,1.0,4
143,gasoline,1.0,6.75,louvain,0.5,1.0,1.0,4
144,gasoline,1.25,1.5,greedy,0.6666666666666666,1.0,1.0,6
145,gasoline,1.25,1.5,louvain,0.6666666666666666,1.0,1.0,6
146,gasoline,1.25,1.75,greedy,0.6666666666666666,1.0,1.0,6
147,gasoline,1.25,1.75,louvain,0.6666666666666666,1.0,1.0,6
148,gasoline,1.25,2.0,greedy,0.6666666666666666,1.0,1.0,6
149,gasoline,1.25,2.0,louvain,0.6666666666666666,1.0,1.0,6
150,gasoline,1.25,2.25,greedy,0.6666666666666666,1.0,1.0,6
151,gasoline,1.25,2.25,louvain,0.6666666666666666,1.0,1.0,6
152,gasoline,1.25,2.5,greedy,0.6666666666666666,1.0,1.0,6
153,gasoline,1.25,2.5,louvain,0.6666666666666666,1.0,1.0,6
154,gasoline,1.25,2.75,greedy,0.6666666666666666,1.0,1.0,6
155,gasoline,1.25,2.75,louvain,0.6666666666666666,1.0,1.0,6
156,gasoline,1.25,3.0,greedy,0.6666666666666666,1.0,1.0,6
157,gasoline,1.25,3.0,louvain,0.6666666666666666,1.0,1.0,6
158,gasoline,1.25,3.25,greedy,0.6666666666666666,1.0,1.0,6
159,gasoline,1.25,3.25,louvain,0.6666666666666666,1.0,1.0,6
160,gasoline,1.25,3.5,greedy,0.6666666666666666,1.0,1.0,6
161,gasoline,1.25,3.5,louvain,0.6666666666666666,1.0,1.0,6
162,gasoline,1.25,3.75,greedy,0.6666666666666666,1.0,1.0,6
163,gasoline,1.25,3.75,louvain,0.6666666666666666,1.0,1.0,6
164,gasoline,1.25,4.0,greedy,0.6666666666666666,1.0,1.0,6
165,gasoline,1.25,4.0,louvain,0.6666666666666666,1.0,1.0,6
166,gasoline,1.25,4.25,greedy,0.6666666666666666,1.0,1.0,6
167,gasoline,1.25,4.25,louvain,0.6666666666666666,1.0,1.0,6
168,gasoline,1.25,4.5,greedy,0.6666666666666666,1.0,1.0,6
169,gasoline,1.25,4.5,louvain,0.6666666666666666,1.0,1.0,6
170,gasoline,1.25,4.75,greedy,0.6666666666666666,1.0,1.0,6
171,gasoline,1.25,4.75,louvain,0.6666666666666666,1.0,1.0,6
172,gasoline,1.25,5.0,greedy,0.6666666666666666,1.0,1.0,6
173,gasoline,1.25,5.0,louvain,0.6666666666666666,1.0,1.0,6
174,gasoline,1.25,5.25,greedy,0.6666666666666666,1.0,1.0,6
175,gasoline,1.25,5.25,louvain,0.6666666666666666,1.0,1.0,6
176,gasoline,1.25,5.5,greedy,0.6666666666666666,1.0,1.0,6
177,gasoline,1.25,5.5,louvain,0.6666666666666666,1.0,1.0,6
178,gasoline,1.25,5.75,greedy,0.6666666666666666,1.0,1.0,6
179,gasoline,1.25,5.75,louvain,0.6666666666666666,1.0,1.0,6
180,gasoline,1.25,6.0,greedy,0.6666666666666666,1.0,1.0,6
181,gasoline,1.25,6.0,louvain,0.6666666666666666,1.0,1.0,6
182,gasoline,1.25,6.25,greedy,0.6666666666666666,1.0,1.0,6
183,gasoline,1.25,6.25,louvain,0.6666666666666666,1.0,1.0,6
184,gasoline,1.25,6.5,greedy,0.6666666666666666,1.0,1.0,6
185,gasoline,1.25,6.5,louvain,0.6666666666666666,1.0,1.0,6
186,gasoline,1.25,6.75,greedy,0.6666666666666666,1.0,1.0,6
187,gasoline,1.25,6.75,louvain,0.6666666666666666,1.0,1.0,6
188,gasoline,1.5,1.75,greedy,0.6122448979591837,1.0,1.0,8
189,gasoline,1.5,1.75,louvain,0.6122448979591837,1.0,1.0,8
190,gasoline,1.5,2.0,greedy,0.6122448979591837,1.0,1.0,8
191,gasoline,1.5,2.0,louvain,0.6122448979591837,1.0,1.0,8
192,gasoline,1.5,2.25,greedy,0.6122448979591837,1.0,1.0,8
193,gasoline,1.5,2.25,louvain,0.6122448979591837,1.0,1.0,8
194,gasoline,1.5,2.5,greedy,0.6122448979591837,1.0,1.0,8
195,gasoline,1.5,2.5,louvain,0.6122448979591837,1.0,1.0,8
196,gasoline,1.5,2.75,greedy,0.6122448979591837,1.0,1.0,8
197,gasoline,1.5,2.75,louvain,0.6122448979591837,1.0,1.0,8
198,gasoline,1.5,3.0,greedy,0.6122448979591837,1.0,1.0,8
199,gasoline,1.5,3.0,louvain,0.6122448979591837,1.0,1.0,8
200,gasoline,1.5,3.25,greedy,0.6122448979591837,1.0,1.0,8
201,gasoline,1.5,3.25,louvain,0.6122448979591837,1.0,1.0,8
202,gasoline,1.5,3.5,greedy,0.6122448979591837,1.0,1.0,8
203,gasoline,1.5,3.5,louvain,0.6122448979591837,1.0,1.0,8
204,gasoline,1.5,3.75,greedy,0.6122448979591837,1.0,1.0,8
205,gasoline,1.5,3.75,louvain,0.6122448979591837,1.0,1.0,8
206,gasoline,1.5,4.0,greedy,0.6122448979591837,1.0,1.0,8
207,gasoline,1.5,4.0,louvain,0.6122448979591837,1.0,1.0,8
208,gasoline,1.5,4.25,greedy,0.6122448979591837,1.0,1.0,8
209,gasoline,1.5,4.25,louvain,0.6122448979591837,1.0,1.0,8
210,gasoline,1.5,4.5,greedy,0.6122448979591837,1.0,1.0,8
211,gasoline,1.5,4.5,louvain,0.6122448979591837,1.0,1.0,8
212,gasoline,1.5,4.75,greedy,0.6122448979591837,1.0,1.0,8
213,gasoline,1.5,4.75,louvain,0.6122448979591837,1.0,1.0,8
214,gasoline,1.5,5.0,greedy,0.6122448979591837,1.0,1.0,8
215,gasoline,1.5,5.0,louvain,0.6122448979591837,1.0,1.0,8
216,gasoline,1.5,5.25,greedy,0.6122448979591837,1.0,1.0,8
217,gasoline,1.5,5.25,louvain,0.6122448979591837,1.0,1.0,8
218,gasoline,1.5,5.5,greedy,0.6122448979591837,1.0,1.0,8
219,gasoline,1.5,5.5,louvain,0.6122448979591837,1.0,1.0,8
220,gasoline,1.5,5.75,greedy,0.6122448979591837,1.0,1.0,8
221,gasoline,1.5,5.75,louvain,0.6122448979591837,1.0,1.0,8
222,gasoline,1.5,6.0,greedy,0.6122448979591837,1.0,1.0,8
223,gasoline,1.5,6.0,louvain,0.6122448979591837,1.0,1.0,8
224,gasoline,1.5,6.25,greedy,0.6122448979591837,1.0,1.0,8
225,gasoline,1.5,6.25,louvain,0.6122448979591837,1.0,1.0,8
226,gasoline,1.5,6.5,greedy,0.6122448979591837,1.0,1.0,8
227,gasoline,1.5,6.5,louvain,0.6122448979591837,1.0,1.0,8
228,gasoline,1.5,6.75,greedy,0.6122448979591837,1.0,1.0,8
229,gasoline,1.5,6.75,louvain,0.6122448979591837,1.0,1.0,8
230,gasoline,1.75,2.0,greedy,0.72,1.0,1.0,11
231,gasoline,1.75,2.0,louvain,0.72,1.0,1.0,11
232,gasoline,1.75,2.25,greedy,0.72,1.0,1.0,11
233,gasoline,1.75,2.25,louvain,0.72,1.0,1.0,11
234,gasoline,1.75,2.5,greedy,0.72,1.0,1.0,11
235,gasoline,1.75,2.5,louvain,0.72,1.0,1.0,11
236,gasoline,1.75,2.75,greedy,0.72,1.0,1.0,11
237,gasoline,1.75,2.75,louvain,0.72,1.0,1.0,11
238,gasoline,1.75,3.0,greedy,0.72,1.0,1.0,11
239,gasoline,1.75,3.0,louvain,0.72,1.0,1.0,11
240,gasoline,1.75,3.25,greedy,0.72,1.0,1.0,11
241,gasoline,1.75,3.25,louvain,0.72,1.0,1.0,11
242,gasoline,1.75,3.5,greedy,0.72,1.0,1.0,11
243,gasoline,1.75,3.5,louvain,0.72,1.0,1.0,11
244,gasoline,1.75,3.75,greedy,0.72,1.0,1.0,11
245,gasoline,1.75,3.75,louvain,0.72,1.0,1.0,11
246,gasoline,1.75,4.0,greedy,0.72,1.0,1.0,11
247,gasoline,1.75,4.0,louvain,0.72,1.0,1.0,11
248,gasoline,1.75,4.25,greedy,0.72,1.0,1.0,11
249,gasoline,1.75,4.25,louvain,0.72,1.0,1.0,11
250,gasoline,1.75,4.5,greedy,0.72,1.0,1.0,11
251,gasoline,1.75,4.5,louvain,0.72,1.0,1.0,11
252,gasoline,1.75,4.75,greedy,0.72,1.0,1.0,11
253,gasoline,1.75,4.75,louvain,0.72,1.0,1.0,11
254,gasoline,1.75,5.0,greedy,0.72,1.0,1.0,11
255,gasoline,1.75,5.0,louvain,0.72,1.0,1.0,11
256,gasoline,1.75,5.25,greedy,0.72,1.0,1.0,11
257,gasoline,1.75,5.25,louvain,0.72,1.0,1.0,11
258,gasoline,1.75,5.5,greedy,0.72,1.0,1.0,11
259,gasoline,1.75,5.5,louvain,0.72,1.0,1.0,11
260,gasoline,1.75,5.75,greedy,0.72,1.0,1.0,11
261,gasoline,1.75,5.75,louvain,0.72,1.0,1.0,11
262,gasoline,1.75,6.0,greedy,0.72,1.0,1.0,11
263,gasoline,1.75,6.0,louvain,0.72,1.0,1.0,11
264,gasoline,1.75,6.25,greedy,0.72,1.0,1.0,11
265,gasoline,1.75,6.25,louvain,0.72,1.0,1.0,11
266,gasoline,1.75,6.5,greedy,0.72,1.0,1.0,11
267,gasoline,1.75,6.5,louvain,0.72,1.0,1.0,11
268,gasoline,1.75,6.75,greedy,0.72,1.0,1.0,11
269,gasoline,1.75,6.75,louvain,0.72,1.0,1.0,11
270,gasoline,2.0,2.25,greedy,0.72,1.0,1.0,11
271,gasoline,2.0,2.25,louvain,0.72,1.0,1.0,11
272,gasoline,2.0,2.5,greedy,0.72,1.0,1.0,11
273,gasoline,2.0,2.5,louvain,0.72,1.0,1.0,11
274,gasoline,2.0,2.75,greedy,0.72,1.0,1.0,11
275,gasoline,2.0,2.75,louvain,0.72,1.0,1.0,11
276,gasoline,2.0,3.0,greedy,0.72,1.0,1.0,11
277,gasoline,2.0,3.0,louvain,0.72,1.0,1.0,11
278,gasoline,2.0,3.25,greedy,0.72,1.0,1.0,11
279,gasoline,2.0,3.25,louvain,0.72,1.0,1.0,11
280,gasoline,2.0,3.5,greedy,0.72,1.0,1.0,11
281,gasoline,2.0,3.5,louvain,0.72,1.0,1.0,11
282,gasoline,2.0,3.75,greedy,0.72,1.0,1.0,11
283,gasoline,2.0,3.75,louvain,0.72,1.0,1.0,11
284,gasoline,2.0,4.0,greedy,0.72,1.0,1.0,11
285,gasoline,2.0,4.0,louvain,0.72,1.0,1.0,11
286,gasoline,2.0,4.25,greedy,0.72,1.0,1.0,11
287,gasoline,2.0,4.25,louvain,0.72,1.0,1.0,11
288,gasoline,2.0,4.5,greedy,0.72,1.0,1.0,11
289,gasoline,2.0,4.5,louvain,0.72,1.0,1.0,11
290,gasoline,2.0,4.75,greedy,0.72,1.0,1.0,11
291,gasoline,2.0,4.75,louvain,0.72,1.0,1.0,11
292,gasoline,2.0,5.0,greedy,0.72,1.0,1.0,11
293,gasoline,2.0,5.0,louvain,0.72,1.0,1.0,11
294,gasoline,2.0,5.25,greedy,0.72,1.0,1.0,11
295,gasoline,2.0,5.25,louvain,0.72,1.0,1.0,11
296,gasoline,2.0,5.5,greedy,0.72,1.0,1.0,11
297,gasoline,2.0,5.5,louvain,0.72,1.0,1.0,11
298,gasoline,2.0,5.75,greedy,0.72,1.0,1.0,11
299,gasoline,2.0,5.75,louvain,0.72,1.0,1.0,11
300,gasoline,2.0,6.0,greedy,0.72,1.0,1.0,11
301,gasoline,2.0,6.0,louvain,0.72,1.0,1.0,11
302,gasoline,2.0,6.25,greedy,0.72,1.0,1.0,11
303,gasoline,2.0,6.25,louvain,0.72,1.0,1.0,11
304,gasoline,2.0,6.5,greedy,0.72,1.0,1.0,11
305,gasoline,2.0,6.5,louvain,0.72,1.0,1.0,11
306,gasoline,2.0,6.75,greedy,0.72,1.0,1.0,11
307,gasoline,2.0,6.75,louvain,0.72,1.0,1.0,11
308,gasoline,2.25,2.5,greedy,0.72,1.0,1.0,11
309,gasoline,2.25,2.5,louvain,0.72,1.0,1.0,11
310,gasoline,2.25,2.75,greedy,0.72,1.0,1.0,11
311,gasoline,2.25,2.75,louvain,0.72,1.0,1.0,11
312,gasoline,2.25,3.0,greedy,0.72,1.0,1.0,11
313,gasoline,2.25,3.0,louvain,0.72,1.0,1.0,11
314,gasoline,2.25,3.25,greedy,0.72,1.0,1.0,11
315,gasoline,2.25,3.25,louvain,0.72,1.0,1.0,11
316,gasoline,2.25,3.5,greedy,0.72,1.0,1.0,11
317,gasoline,2.25,3.5,louvain,0.72,1.0,1.0,11
318,gasoline,2.25,3.75,greedy,0.72,1.0,1.0,11
319,gasoline,2.25,3.75,louvain,0.72,1.0,1.0,11
320,gasoline,2.25,4.0,greedy,0.72,1.0,1.0,11
321,gasoline,2.25,4.0,louvain,0.72,1.0,1.0,11
322,gasoline,2.25,4.25,greedy,0.72,1.0,1.0,11
323,gasoline,2.25,4.25,louvain,0.72,1.0,1.0,11
324,gasoline,2.25,4.5,greedy,0.72,1.0,1.0,11
325,gasoline,2.25,4.5,louvain,0.72,1.0,1.0,11
326,gasoline,2.25,4.75,greedy,0.72,1.0,1.0,11
327,gasoline,2.25,4.75,louvain,0.72,1.0,1.0,11
328,gasoline,2.25,5.0,greedy,0.72,1.0,1.0,11
329,gasoline,2.25,5.0,louvain,0.72,1.0,1.0,11
330,gasoline,2.25,5.25,greedy,0.72,1.0,1.0,11
331,gasoline,2.25,5.25,louvain,0.72,1.0,1.0,11
332,gasoline,2.25,5.5,greedy,0.72,1.0,1.0,11
333,gasoline,2.25,5.5,louvain,0.72,1.0,1.0,11
334,gasoline,2.25,5.75,greedy,0.72,1.0,1.0,11
335,gasoline,2.25,5.75,louvain,0.72,1.0,1.0,11
336,gasoline,2.25,6.0,greedy,0.72,1.0,1.0,11
337,gasoline,2.25,6.0,louvain,0.72,1.0,1.0,11
338,gasoline,2.25,6.25,greedy,0.72,1.0,1.0,11
339,gasoline,2.25,6.25,louvain,0.72,1.0,1.0,11
340,gasoline,2.25,6.5,greedy,0.72,1.0,1.0,11
341,gasoline,2.25,6.5,louvain,0.72,1.0,1.0,11
342,gasoline,2.25,6.75,greedy,0.72,1.0,1.0,11
343,gasoline,2.25,6.75,louvain,0.72,1.0,1.0,11
344,gasoline,2.5,2.75,greedy,0.7822222222222222,0.9852941176470589,1.0,17
345,gasoline,2.5,2.75,louvain,0.7822222222222222,0.9852941176470589,1.0,17
346,gasoline,2.5,3.0,greedy,0.7822222222222222,0.9852941176470589,1.0,17
347,gasoline,2.5,3.0,louvain,0.7822222222222222,0.9852941176470589,1.0,17
348,gasoline,2.5,3.25,greedy,0.7822222222222222,0.9852941176470589,1.0,17
349,gasoline,2.5,3.25,louvain,0.7822222222222222,0.9852941176470589,1.0,17
350,gasoline,2.5,3.5,greedy,0.7822222222222222,0.9852941176470589,1.0,17
351,gasoline,2.5,3.5,louvain,0.7822222222222222,0.9852941176470589,1.0,17
352,gasoline,2.5,3.75,greedy,0.7822222222222222,0.9852941176470589,1.0,17
353,gasoline,2.5,3.75,louvain,0.7822222222222222,0.9852941176470589,1.0,17
354,gasoline,2.5,4.0,greedy,0.7822222222222222,0.9852941176470589,1.0,17
355,gasoline,2.5,4.0,louvain,0.7822222222222222,0.9852941176470589,1.0,17
356,gasoline,2.5,4.25,greedy,0.7822222222222222,0.9852941176470589,1.0,17
357,gasoline,2.5,4.25,louvain,0.7822222222222222,0.9852941176470589,1.0,17
358,gasoline,2.5,4.5,greedy,0.7822222222222222,0.9852941176470589,1.0,17
359,gasoline,2.5,4.5,louvain,0.7822222222222222,0.9852941176470589,1.0,17
360,gasoline,2.5,4.75,greedy,0.7822222222222222,0.9852941176470589,1.0,17
361,gasoline,2.5,4.75,louvain,0.7822222222222222,0.9852941176470589,1.0,17
362,gasoline,2.5,5.0,greedy,0.7822222222222222,0.9852941176470589,1.0,17
363,gasoline,2.5,5.0,louvain,0.7822222222222222,0.9852941176470589,1.0,17
364,gasoline,2.5,5.25,greedy,0.7822222222222222,0.9852941176470589,1.0,17
365,gasoline,2.5,5.25,louvain,0.7822222222222222,0.9852941176470589,1.0,17
366,gasoline,2.5,5.5,greedy,0.7822222222222222,0.9852941176470589,1.0,17
367,gasoline,2.5,5.5,louvain,0.7822222222222222,0.9852941176470589,1.0,17
368,gasoline,2.5,5.75,greedy,0.7822222222222222,0.9852941176470589,1.0,17
369,gasoline,2.5,5.75,louvain,0.7822222222222222,0.9852941176470589,1.0,17
370,gasoline,2.5,6.0,greedy,0.7822222222222222,0.9852941176470589,1.0,17
371,gasoline,2.5,6.0,louvain,0.7822222222222222,0.9852941176470589,1.0,17
372,gasoline,2.5,6.25,greedy,0.7822222222222222,0.9852941176470589,1.0,17
373,gasoline,2.5,6.25,louvain,0.7822222222222222,0.9852941176470589,1.0,17
374,gasoline,2.5,6.5,greedy,0.7822222222222222,0.9852941176470589,1.0,17
375,gasoline,2.5,6.5,louvain,0.7822222222222222,0.9852941176470589,1.0,17
376,gasoline,2.5,6.75,greedy,0.7822222222222222,0.9852941176470589,1.0,17
377,gasoline,2.5,6.75,louvain,0.7822222222222222,0.9852941176470589,1.0,17
378,gasoline,2.75,3.0,greedy,0.7889273356401383,0.9803921568627451,1.0,18
379,gasoline,2.75,3.0,louvain,0.7889273356401384,0.9803921568627451,1.0,18
380,gasoline,2.75,3.25,greedy,0.7889273356401383,0.9803921568627451,1.0,18
381,gasoline,2.75,3.25,louvain,0.7889273356401384,0.9803921568627451,1.0,18
382,gasoline,2.75,3.5,greedy,0.7889273356401383,0.9803921568627451,1.0,18
383,gasoline,2.75,3.5,louvain,0.7889273356401384,0.9803921568627451,1.0,18
384,gasoline,2.75,3.75,greedy,0.7889273356401383,0.9803921568627451,1.0,18
385,gasoline,2.75,3.75,louvain,0.7889273356401384,0.9803921568627451,1.0,18
386,gasoline,2.75,4.0,greedy,0.7889273356401383,0.9803921568627451,1.0,18
387,gasoline,2.75,4.0,louvain,0.7889273356401384,0.9803921568627451,1.0,18
388,gasoline,2.75,4.25,greedy,0.7889273356401383,0.9803921568627451,1.0,18
389,gasoline,2.75,4.25,louvain,0.7889273356401384,0.9803921568627451,1.0,18
390,gasoline,2.75,4.5,greedy,0.7889273356401383,0.9803921568627451,1.0,18
391,gasoline,2.75,4.5,louvain,0.7889273356401384,0.9803921568627451,1.0,18
392,gasoline,2.75,4.75,greedy,0.7889273356401383,0.9803921568627451,1.0,18
393,gasoline,2.75,4.75,louvain,0.7889273356401384,0.9803921568627451,1.0,18
394,gasoline,2.75,5.0,greedy,0.7889273356401383,0.9803921568627451,1.0,18
395,gasoline,2.75,5.0,louvain,0.7889273356401384,0.9803921568627451,1.0,18
396,gasoline,2.75,5.25,greedy,0.7889273356401383,0.9803921568627451,1.0,18
397,gasoline,2.75,5.25,louvain,0.7889273356401384,0.9803921568627451,1.0,18
398,gasoline,2.75,5.5,greedy,0.7889273356401383,0.9803921568627451,1.0,18
399,gasoline,2.75,5.5,louvain,0.7889273356401384,0.9803921568627451,1.0,18
400,gasoline,2.75,5.75,greedy,0.7889273356401383,0.9803921568627451,1.0,18
401,gasoline,2.75,5.75,louvain,0.7889273356401384,0.9803921568627451,1.0,18
402,gasoline,2.75,6.0,greedy,0.7889273356401383,0.9803921568627451,1.0,18
403,gasoline,2.75,6.0,louvain,0.7889273356401384,0.9803921568627451,1.0,18
404,gasoline,2.75,6.25,greedy,0.7889273356401383,0.9803921568627451,1.0,18
405,gasoline,2.75,6.25,louvain,0.7889273356401384,0.9803921568627451,1.0,18
406,gasoline,2.75,6.5,greedy,0.7889273356401383,0.9803921568627451,1.0,18
407,gasoline,2.75,6.5,louvain,0.7889273356401384,0.9803921568627451,1.0,18
408,gasoline,2.75,6.75,greedy,0.7889273356401383,0.9803921568627451,1.0,18
409,gasoline,2.75,6.75,louvain,0.7889273356401384,0.9803921568627451,1.0,18
410,gasoline,3.0,3.25,greedy,0.7977839335180054,0.9894736842105263,1.0,20
411,gasoline,3.0,3.25,louvain,0.7977839335180054,0.9894736842105263,1.0,20
412,gasoline,3.0,3.5,greedy,0.7977839335180054,0.9894736842105263,1.0,20
413,gasoline,3.0,3.5,louvain,0.7977839335180054,0.9894736842105263,1.0,20
414,gasoline,3.0,3.75,greedy,0.7977839335180054,0.9894736842105263,1.0,20
415,gasoline,3.0,3.75,louvain,0.7977839335180054,0.9894736842105263,1.0,20
416,gasoline,3.0,4.0,greedy,0.7977839335180054,0.9894736842105263,1.0,20
417,gasoline,3.0,4.0,louvain,0.7977839335180054,0.9894736842105263,1.0,20
418,gasoline,3.0,4.25,greedy,0.7977839335180054,0.9894736842105263,1.0,20
419,gasoline,3.0,4.25,louvain,0.7977839335180054,0.9894736842105263,1.0,20
420,gasoline,3.0,4.5,greedy,0.7977839335180054,0.9894736842105263,1.0,20
421,gasoline,3.0,4.5,louvain,0.7977839335180054,0.9894736842105263,1.0,20
422,gasoline,3.0,4.75,greedy,0.7977839335180054,0.9894736842105263,1.0,20
423,gasoline,3.0,4.75,louvain,0.7977839335180054,0.9894736842105263,1.0,20
424,gasoline,3.0,5.0,greedy,0.7977839335180054,0.9894736842105263,1.0,20
425,gasoline,3.0,5.0,louvain,0.7977839335180054,0.9894736842105263,1.0,20
426,gasoline,3.0,5.25,greedy,0.7977839335180054,0.9894736842105263,1.0,20
427,gasoline,3.0,5.25,louvain,0.7977839335180054,0.9894736842105263,1.0,20
428,gasoline,3.0,5.5,greedy,0.7977839335180054,0.9894736842105263,1.0,20
429,gasoline,3.0,5.5,louvain,0.7977839335180054,0.9894736842105263,1.0,20
430,gasoline,3.0,5.75,greedy,0.7977839335180054,0.9894736842105263,1.0,20
431,gasoline,3.0,5.75,louvain,0.7977839335180054,0.9894736842105263,1.0,20
432,gasoline,3.0,6.0,greedy,0.7977839335180054,0.9894736842105263,1.0,20
433,gasoline,3.0,6.0,louvain,0.7977839335180054,0.9894736842105263,1.0,20
434,gasoline,3.0,6.25,greedy,0.7977839335180054,0.9894736842105263,1.0,20
435,gasoline,3.0,6.25,louvain,0.7977839335180054,0.9894736842105263,1.0,20
436,gasoline,3.0,6.5,greedy,0.7977839335180054,0.9894736842105263,1.0,20
437,gasoline,3.0,6.5,louvain,0.7977839335180054,0.9894736842105263,1.0,20
438,gasoline,3.0,6.75,greedy,0.7977839335180054,0.9894736842105263,1.0,20
439,gasoline,3.0,6.75,louvain,0.7977839335180054,0.9894736842105263,1.0,20
440,gasoline,3.25,3.5,greedy,0.7949999999999998,0.9947368421052631,1.0,20
441,gasoline,3.25,3.5,louvain,0.795,0.9947368421052631,1.0,20
442,gasoline,3.25,3.75,greedy,0.7949999999999998,0.9947368421052631,1.0,20
443,gasoline,3.25,3.75,louvain,0.795,0.9947368421052631,1.0,20
444,gasoline,3.25,4.0,greedy,0.7949999999999998,0.9947368421052631,1.0,20
445,gasoline,3.25,4.0,louvain,0.795,0.9947368421052631,1.0,20
446,gasoline,3.25,4.25,greedy,0.7949999999999998,0.9947368421052631,1.0,20
447,gasoline,3.25,4.25,louvain,0.795,0.9947368421052631,1.0,20
448,gasoline,3.25,4.5,greedy,0.7949999999999998,0.9947368421052631,1.0,20
449,gasoline,3.25,4.5,louvain,0.795,0.9947368421052631,1.0,20
450,gasoline,3.25,4.75,greedy,0.7949999999999998,0.9947368421052631,1.0,20
451,gasoline,3.25,4.75,louvain,0.795,0.9947368421052631,1.0,20
452,gasoline,3.25,5.0,greedy,0.7949999999999998,0.9947368421052631,1.0,20
453,gasoline,3.25,5.0,louvain,0.795,0.9947368421052631,1.0,20
454,gasoline,3.25,5.25,greedy,0.7949999999999998,0.9947368421052631,1.0,20
455,gasoline,3.25,5.25,louvain,0.795,0.9947368421052631,1.0,20
456,gasoline,3.25,5.5,greedy,0.7949999999999998,0.9947368421052631,1.0,20
457,gasoline,3.25,5.5,louvain,0.795,0.9947368421052631,1.0,20
458,gasoline,3.25,5.75,greedy,0.7949999999999998,0.9947368421052631,1.0,20
459,gasoline,3.25,5.75,louvain,0.795,0.9947368421052631,1.0,20
460,gasoline,3.25,6.0,greedy,0.7949999999999998,0.9947368421052631,1.0,20
461,gasoline,3.25,6.0,louvain,0.795,0.9947368421052631,1.0,20
462,gasoline,3.25,6.25,greedy,0.7949999999999998,0.9947368421052631,1.0,20
463,gasoline,3.25,6.25,louvain,0.795,0.9947368421052631,1.0,20
464,gasoline,3.25,6.5,greedy,0.7949999999999998,0.9947368421052631,1.0,20
465,gasoline,3.25,6.5,louvain,0.795,0.9947368421052631,1.0,20
466,gasoline,3.25,6.75,greedy,0.7949999999999998,0.9947368421052631,1.0,20
467,gasoline,3.25,6.75,louvain,0.795,0.9947368421052631,1.0,20
468,gasoline,3.5,3.75,greedy,0.7949999999999998,0.9947368421052631,1.0,20
469,gasoline,3.5,3.75,louvain,0.795,0.9947368421052631,1.0,20
470,gasoline,3.5,4.0,greedy,0.7949999999999998,0.9947368421052631,1.0,20
471,gasoline,3.5,4.0,louvain,0.795,0.9947368421052631,1.0,20
472,gasoline,3.5,4.25,greedy,0.7949999999999998,0.9947368421052631,1.0,20
473,gasoline,3.5,4.25,louvain,0.795,0.9947368421052631,1.0,20
474,gasoline,3.5,4.5,greedy,0.7949999999999998,0.9947368421052631,1.0,20
475,gasoline,3.5,4.5,louvain,0.795,0.9947368421052631,1.0,20
476,gasoline,3.5,4.75,greedy,0.7949999999999998,0.9947368421052631,1.0,20
477,gasoline,3.5,4.75,louvain,0.795,0.9947368421052631,1.0,20
478,gasoline,3.5,5.0,greedy,0.7949999999999998,0.9947368421052631,1.0,20
479,gasoline,3.5,5.0,louvain,0.795,0.9947368421052631,1.0,20
480,gasoline,3.5,5.25,greedy,0.7949999999999998,0.9947368421052631,1.0,20
481,gasoline,3.5,5.25,louvain,0.795,0.9947368421052631,1.0,20
482,gasoline,3.5,5.5,greedy,0.7949999999999998,0.9947368421052631,1.0,20
483,gasoline,3.5,5.5,louvain,0.795,0.9947368421052631,1.0,20
484,gasoline,3.5,5.75,greedy,0.7949999999999998,0.9947368421052631,1.0,20
485,gasoline,3.5,5.75,louvain,0.795,0.9947368421052631,1.0,20
486,gasoline,3.5,6.0,greedy,0.7949999999999998,0.9947368421052631,1.0,20
487,gasoline,3.5,6.0,louvain,0.795,0.9947368421052631,1.0,20
488,gasoline,3.5,6.25,greedy,0.7949999999999998,0.9947368421052631,1.0,20
489,gasoline,3.5,6.25,louvain,0.795,0.9947368421052631,1.0,20
490,gasoline,3.5,6.5,greedy,0.7949999999999998,0.9947368421052631,1.0,20
491,gasoline,3.5,6.5,louvain,0.795,0.9947368421052631,1.0,20
492,gasoline,3.5,6.75,greedy,0.7949999999999998,0.9947368421052631,1.0,20
493,gasoline,3.5,6.75,louvain,0.795,0.9947368421052631,1.0,20
494,gasoline,3.75,4.0,greedy,0.803840877914952,0.9656084656084656,1.0,28
495,gasoline,3.75,4.0,louvain,0.803840877914952,0.9656084656084656,1.0,28
496,gasoline,3.75,4.25,greedy,0.803840877914952,0.9656084656084656,1.0,28
497,gasoline,3.75,4.25,louvain,0.803840877914952,0.9656084656084656,1.0,28
498,gasoline,3.75,4.5,greedy,0.803840877914952,0.9656084656084656,1.0,28
499,gasoline,3.75,4.5,louvain,0.803840877914952,0.9656084656084656,1.0,28
500,gasoline,3.75,4.75,greedy,0.803840877914952,0.9656084656084656,1.0,28
501,gasoline,3.75,4.75,louvain,0.803840877914952,0.9656084656084656,1.0,28
502,gasoline,3.75,5.0,greedy,0.803840877914952,0.9656084656084656,1.0,28
503,gasoline,3.75,5.0,louvain,0.803840877914952,0.9656084656084656,1.0,28
504,gasoline,3.75,5.25,greedy,0.803840877914952,0.9656084656084656,1.0,28
505,gasoline,3.75,5.25,louvain,0.803840877914952,0.9656084656084656,1.0,28
506,gasoline,3.75,5.5,greedy,0.803840877914952,0.9656084656084656,1.0,28
507,gasoline,3.75,5.5,louvain,0.803840877914952,0.9656084656084656,1.0,28
508,gasoline,3.75,5.75,greedy,0.803840877914952,0.9656084656084656,1.0,28
509,gasoline,3.75,5.75,louvain,0.803840877914952,0.9656084656084656,1.0,28
510,gasoline,3.75,6.0,greedy,0.803840877914952,0.9656084656084656,1.0,28
511,gasoline,3.75,6.0,louvain,0.803840877914952,0.9656084656084656,1.0,28
512,gasoline,3.75,6.25,greedy,0.803840877914952,0.9656084656084656,1.0,28
513,gasoline,3.75,6.25,louvain,0.803840877914952,0.9656084656084656,1.0,28
514,gasoline,3.75,6.5,greedy,0.803840877914952,0.9656084656084656,1.0,28
515,gasoline,3.75,6.5,louvain,0.803840877914952,0.9656084656084656,1.0,28
516,gasoline,3.75,6.75,greedy,0.803840877914952,0.9656084656084656,1.0,28
517,gasoline,3.75,6.75,louvain,0.803840877914952,0.9656084656084656,1.0,28
518,gasoline,4.0,4.25,greedy,0.7408163265306122,0.9161290322580645,0.9714285714285714,31
519,gasoline,4.0,4.25,louvain,0.7408163265306121,0.9161290322580645,0.9714285714285714,31
520,gasoline,4.0,4.5,greedy,0.7408163265306122,0.9161290322580645,0.9714285714285714,31
521,gasoline,4.0,4.5,louvain,0.7408163265306121,0.9161290322580645,0.9714285714285714,31
522,gasoline,4.0,4.75,greedy,0.7408163265306122,0.9161290322580645,0.9714285714285714,31
523,gasoline,4.0,4.75,louvain,0.7408163265306121,0.9161290322580645,0.9714285714285714,31
524,gasoline,4.0,5.0,greedy,0.7408163265306122,0.9161290322580645,0.9714285714285714,31
525,gasoline,4.0,5.0,louvain,0.7408163265306121,0.9161290322580645,0.9714285714285714,31
526,gasoline,4.0,5.25,greedy,0.7408163265306122,0.9161290322580645,0.9714285714285714,31
527,gasoline,4.0,5.25,louvain,0.7408163265306121,0.9161290322580645,0.9714285714285714,31
528,gasoline,4.0,5.5,greedy,0.7408163265306122,0.9161290322580645,0.9714285714285714,31
529,gasoline,4.0,5.5,louvain,0.7408163265306121,0.9161290322580645,0.9714285714285714,31
530,gasoline,4.0,5.75,greedy,0.7408163265306122,0.9161290322580645,0.9714285714285714,31
531,gasoline,4.0,5.75,louvain,0.7408163265306121,0.9161290322580645,0.9714285714285714,31
532,gasoline,4.0,6.0,greedy,0.7408163265306122,0.9161290322580645,0.9714285714285714,31
533,gasoline,4.0,6.0,louvain,0.7408163265306121,0.9161290322580645,0.9714285714285714,31
534,gasoline,4.0,6.25,greedy,0.7408163265306122,0.9161290322580645,0.9714285714285714,31
535,gasoline,4.0,6.25,louvain,0.7408163265306121,0.9161290322580645,0.9714285714285714,31
536,gasoline,4.0,6.5,greedy,0.7408163265306122,0.9161290322580645,0.9714285714285714,31
537,gasoline,4.0,6.5,louvain,0.7408163265306121,0.9161290322580645,0.9714285714285714,31
538,gasoline,4.0,6.75,greedy,0.7408163265306122,0.9161290322580645,0.9714285714285714,31
539,gasoline,4.0,6.75,louvain,0.7408163265306121,0.9161290322580645,0.9714285714285714,31
540,gasoline,4.25,4.5,greedy,0.5580293019247342,0.8984126984126984,0.7796610169491526,36
541,gasoline,4.25,4.5,louvain,0.5580293019247343,0.8984126984126984,0.7796610169491526,36
542,gasoline,4.25,4.75,greedy,0.5580293019247342,0.8984126984126984,0.7796610169491526,36
543,gasoline,4.25,4.75,louvain,0.5580293019247343,0.8984126984126984,0.7796610169491526,36
544,gasoline,4.25,5.0,greedy,0.5580293019247342,0.8984126984126984,0.7796610169491526,36
545,gasoline,4.25,5.0,louvain,0.5580293019247342,0.8984126984126984,0.7796610169491526,36
546,gasoline,4.25,5.25,greedy,0.5580293019247342,0.8984126984126984,0.7796610169491526,36
547,gasoline,4.25,5.25,louvain,0.5580293019247343,0.8984126984126984,0.7796610169491526,36
548,gasoline,4.25,5.5,greedy,0.5580293019247342,0.8984126984126984,0.7796610169491526,36
549,gasoline,4.25,5.5,louvain,0.5580293019247343,0.8984126984126984,0.7796610169491526,36
550,gasoline,4.25,5.75,greedy,0.5580293019247342,0.8984126984126984,0.7796610169491526,36
551,gasoline,4.25,5.75,louvain,0.5580293019247342,0.8984126984126984,0.7796610169491526,36
552,gasoline,4.25,6.0,greedy,0.5580293019247342,0.8984126984126984,0.7796610169491526,36
553,gasoline,4.25,6.0,louvain,0.5580293019247342,0.8984126984126984,0.7796610169491526,36
554,gasoline,4.25,6.25,greedy,0.5580293019247342,0.8984126984126984,0.7796610169491526,36
555,gasoline,4.25,6.25,louvain,0.5580293019247343,0.8984126984126984,0.7796610169491526,36
556,gasoline,4.25,6.5,greedy,0.5580293019247342,0.8984126984126984,0.7796610169491526,36
557,gasoline,4.25,6.5,louvain,0.5580293019247343,0.8984126984126984,0.7796610169491526,36
558,gasoline,4.25,6.75,greedy,0.5580293019247342,0.8984126984126984,0.7796610169491526,36
559,gasoline,4.25,6.75,louvain,0.5580293019247343,0.8984126984126984,0.7796610169491526,36
560,gasoline,4.5,4.75,greedy,0.29532047193877553,0.8228228228228228,0.5446428571428571,37
561,gasoline,4.5,4.75,louvain,0.31533003826530615,0.8348348348348348,0.5625,37
562,gasoline,4.5,5.0,greedy,0.29532047193877553,0.8228228228228228,0.5446428571428571,37
563,gasoline,4.5,5.0,louvain,0.31533003826530615,0.8348348348348348,0.5625,37
564,gasoline,4.5,5.25,greedy,0.29532047193877553,0.8228228228228228,0.5446428571428571,37
565,gasoline,4.5,5.25,louvain,0.3155691964285714,0.8333333333333334,0.5625,37
566,gasoline,4.5,5.5,greedy,0.29532047193877553,0.8228228228228228,0.5446428571428571,37
567,gasoline,4.5,5.5,louvain,0.3155691964285714,0.8333333333333334,0.5625,37
568,gasoline,4.5,5.75,greedy,0.29532047193877553,0.8228228228228228,0.5446428571428571,37
569,gasoline,4.5,5.75,louvain,0.3155691964285714,0.8333333333333334,0.5625,37
570,gasoline,4.5,6.0,greedy,0.29532047193877553,0.8228228228228228,0.5446428571428571,37
571,gasoline,4.5,6.0,louvain,0.3155691964285714,0.8333333333333334,0.5625,37
572,gasoline,4.5,6.25,greedy,0.29532047193877553,0.8228228228228228,0.5446428571428571,37
573,gasoline,4.5,6.25,louvain,0.31533003826530615,0.8348348348348348,0.5625,37
574,gasoline,4.5,6.5,greedy,0.29532047193877553,0.8228228228228228,0.5446428571428571,37
575,gasoline,4.5,6.5,louvain,0.3155691964285714,0.8333333333333334,0.5625,37
576,gasoline,4.5,6.75,greedy,0.29532047193877553,0.8228228228228228,0.5446428571428571,37
577,gasoline,4.5,6.75,louvain,0.3155691964285714,0.8333333333333334,0.5625,37
578,gasoline,4.75,5.0,greedy,0.10846131012826321,0.6984352773826458,0.4426877470355731,38
579,gasoline,4.75,5.0,louvain,0.11317158524582478,0.7083926031294452,0.45454545454545453,38
580,gasoline,4.75,5.25,greedy,0.10846131012826321,0.6984352773826458,0.4426877470355731,38
581,gasoline,4.75,5.25,louvain,0.11656954490774733,0.7197724039829303,0.40711462450592883,38
582,gasoline,4.75,5.5,greedy,0.10846131012826321,0.6984352773826458,0.4426877470355731,38
583,gasoline,4.75,5.5,louvain,0.11412457623146746,0.7197724039829303,0.3952569169960474,38
584,gasoline,4.75,5.75,greedy,0.10846131012826321,0.6984352773826458,0.4426877470355731,38
585,gasoline,4.75,5.75,louvain,0.11227327407083376,0.7140825035561877,0.4268774703557312,38
586,gasoline,4.75,6.0,greedy,0.10846131012826321,0.6984352773826458,0.4426877470355731,38
587,gasoline,4.75,6.0,louvain,0.11630395725601088,0.705547652916074,0.4505928853754941,38
588,gasoline,4.75,6.25,greedy,0.10846131012826321,0.6984352773826458,0.4426877470355731,38
589,gasoline,4.75,6.25,louvain,0.11364808073864612,0.7226173541963016,0.41106719367588934,38
590,gasoline,4.75,6.5,greedy,0.10846131012826321,0.6984352773826458,0.4426877470355731,38
591,gasoline,4.75,6.5,louvain,0.116577356309269,0.7140825035561877,0.391304347826087,38
592,gasoline,4.75,6.75,greedy,0.10846131012826321,0.6984352773826458,0.4426877470355731,38
593,gasoline,4.75,6.75,louvain,0.11274195816213345,0.7197724039829303,0.4189723320158103,38
594,gasoline,5.0,5.25,greedy,0.0568423322952613,0.6294871794871795,0.47706422018348627,40
595,gasoline,5.0,5.25,louvain,0.06736333221109332,0.6474358974358975,0.5229357798165137,40
596,gasoline,5.0,5.5,greedy,0.0568423322952613,0.6294871794871795,0.47706422018348627,40
597,gasoline,5.0,5.5,louvain,0.06345215049238279,0.6230769230769231,0.37844036697247707,40
598,gasoline,5.0,5.75,greedy,0.0568423322952613,0.6294871794871795,0.47706422018348627,40
599,gasoline,5.0,5.75,louvain,0.06736333221109332,0.6474358974358975,0.5229357798165137,40
600,gasoline,5.0,6.0,greedy,0.0568423322952613,0.6294871794871795,0.47706422018348627,40
601,gasoline,5.0,6.0,louvain,0.0694201876946385,0.6487179487179487,0.4793577981651376,40
602,gasoline,5.0,6.25,greedy,0.0568423322952613,0.6294871794871795,0.47706422018348627,40
603,gasoline,5.0,6.25,louvain,0.06489352748085177,0.6307692307692307,0.4036697247706422,40
604,gasoline,5.0,6.5,greedy,0.0568423322952613,0.6294871794871795,0.47706422018348627,40
605,gasoline,5.0,6.5,louvain,0.06345215049238279,0.6230769230769231,0.37844036697247707,40
606,gasoline,5.0,6.75,greedy,0.0568423322952613,0.6294871794871795,0.47706422018348627,40
607,gasoline,5.0,6.75,louvain,0.06767107145863144,0.6294871794871795,0.4151376146788991,40
608,gasoline,5.25,5.5,greedy,0.027209910741766652,0.6820512820512821,0.6263157894736842,40
609,gasoline,5.25,5.5,louvain,0.022671591258848878,0.6243589743589744,0.5578947368421052,40
610,gasoline,5.25,5.75,greedy,0.027209910741766652,0.6820512820512821,0.6263157894736842,40
611,gasoline,5.25,5.75,louvain,0.024056632810095416,0.5102564102564102,0.36140350877192984,40
612,gasoline,5.25,6.0,greedy,0.027209910741766652,0.6820512820512821,0.6263157894736842,40
613,gasoline,5.25,6.0,louvain,0.030390889504462865,0.6128205128205129,0.5368421052631579,40
614,gasoline,5.25,6.25,greedy,0.027209910741766652,0.6820512820512821,0.6263157894736842,40
615,gasoline,5.25,6.25,louvain,0.029789165897199113,0.5756410256410256,0.44912280701754387,40
616,gasoline,5.25,6.5,greedy,0.027209910741766652,0.6820512820512821,0.6263157894736842,40
617,gasoline,5.25,6.5,louvain,0.030390889504462865,0.6128205128205129,0.5368421052631579,40
618,gasoline,5.25,6.75,greedy,0.027209910741766652,0.6820512820512821,0.6263157894736842,40
619,gasoline,5.25,6.75,louvain,0.019059710680209285,0.5269230769230769,0.38596491228070173,40
620,gasoline,5.5,5.75,greedy,0.007262578837204433,0.6306620209059234,0.5386949924127465,42
621,gasoline,5.5,5.75,louvain,0.006768659001890412,0.6202090592334495,0.5250379362670713,42
622,gasoline,5.5,6.0,greedy,0.007262578837204433,0.6306620209059234,0.5386949924127465,42
623,gasoline,5.5,6.0,louvain,0.0060559867919617845,0.9465737514518002,1.0,42
624,gasoline,5.5,6.25,greedy,0.007262578837204433,0.6306620209059234,0.5386949924127465,42
625,gasoline,5.5,6.25,louvain,0.006768659001890412,0.6202090592334495,0.5250379362670713,42
626,gasoline,5.5,6.5,greedy,0.007262578837204433,0.6306620209059234,0.5386949924127465,42
627,gasoline,5.5,6.5,louvain,0.006768659001890412,0.6202090592334495,0.5250379362670713,42
628,gasoline,5.5,6.75,greedy,0.007262578837204433,0.6306620209059234,0.5386949924127465,42
629,gasoline,5.5,6.75,louvain,0.006768659001890412,0.6202090592334495,0.5250379362670713,42
630,gasoline,5.75,6.0,greedy,0.011407952315662379,0.9873150105708245,1.0,44
631,gasoline,5.75,6.0,louvain,0.01140795231566238,0.9873150105708245,1.0,44
632,gasoline,5.75,6.25,greedy,0.011407952315662379,0.9873150105708245,1.0,44
633,gasoline,5.75,6.25,louvain,0.01140795231566238,0.9873150105708245,1.0,44
634,gasoline,5.75,6.5,greedy,0.011407952315662379,0.9873150105708245,1.0,44
635,gasoline,5.75,6.5,louvain,0.01140795231566238,0.9873150105708245,1.0,44
636,gasoline,5.75,6.75,greedy,0.011407952315662379,0.9873150105708245,1.0,44
637,gasoline,5.75,6.75,louvain,0.01140795231566238,0.9873150105708245,1.0,44
638,gasoline,6.0,6.25,greedy,0.019606867973923765,0.9929078014184397,1.0,48
639,gasoline,6.0,6.25,louvain,0.019606867973923765,0.9929078014184397,1.0,48
640,gasoline,6.0,6.5,greedy,0.019606867973923765,0.9929078014184397,1.0,48
641,gasoline,6.0,6.5,louvain,0.019606867973923765,0.9929078014184397,1.0,48
642,gasoline,6.0,6.75,greedy,0.019606867973923765,0.9929078014184397,1.0,48
643,gasoline,6.0,6.75,louvain,0.019606867973923765,0.9929078014184397,1.0,48
644,gasoline,6.25,6.5,greedy,0.019579448522118615,0.9937943262411347,1.0,48
645,gasoline,6.25,6.5,louvain,0.019579448522118615,0.9937943262411347,1.0,48
646,gasoline,6.25,6.75,greedy,0.019579448522118615,0.9937943262411347,1.0,48
647,gasoline,6.25,6.75,louvain,0.019579448522118615,0.9937943262411347,1.0,48
648,gasoline,6.5,6.75,greedy,0.02779083697078289,0.995475113122172,1.0,52
649,gasoline,6.5,6.75,louvain,0.027790836970782887,0.995475113122172,1.0,52
